Workbook

Sheet Forecast_Data
A1: month | B1: model | C1: actual | D1: forecast | E1: absolute_error
A2: 42979 | B2: Linear Regression | C2: 607399.67 | D2: 624577.9328571429 | E2: 17178.262857142836
A3: 42979 | B3: Moving Average | C3: 607399.67 | D3: 486075.8633333333 | E3: 121323.80666666676
A4: 42979 | B4: Naive Forecast | C4: 607399.67 | D4: 554699.7 | E4: 52699.97000000009
A5: 43009 | B5: Linear Regression | C5: 648247.65 | D5: 672586.6863888889 | E5: 24339.03638888884
A6: 43009 | B6: Moving Average | C6: 648247.65 | D6: 547901.2966666667 | E6: 100346.35333333327
A7: 43009 | B7: Naive Forecast | C7: 648247.65 | D7: 607399.67 | E7: 40847.97999999998
A8: 43040 | B8: Linear Regression | C8: 987765.37 | D8: 717349.3913333333 | E8: 270415.97866666666
A9: 43040 | B9: Moving Average | C9: 987765.37 | D9: 603449.0066666667 | E9: 384316.3633333333
A10: 43040 | B10: Naive Forecast | C10: 987765.37 | D10: 648247.65 | E10: 339517.72
A11: 43070 | B11: Linear Regression | C11: 726033.19 | D11: 868853.2101818183 | E11: 142820.0201818184
A12: 43070 | B12: Moving Average | C12: 726033.19 | D12: 747804.23 | E12: 21771.040000000037
A13: 43070 | B13: Naive Forecast | C13: 726033.19 | D13: 987765.37 | E13: 261732.18000000005
A14: 43101 | B14: Linear Regression | C14: 924645 | D14: 886708.9078787877 | E14: 37936.09212121228
A15: 43101 | B15: Moving Average | C15: 924645 | D15: 787348.7366666667 | E15: 137296.2633333333
A16: 43101 | B16: Naive Forecast | C16: 924645 | D16: 726033.19 | E16: 198611.81000000006
A17: 43132 | B17: Linear Regression | C17: 826437.13 | D17: 958350.84 | E17: 131913.71499999997
A18: 43132 | B18: Moving Average | C18: 826437.13 | D18: 879481.1866666666 | E18: 53044.05666666664
A19: 43132 | B19: Naive Forecast | C19: 826437.13 | D19: 924645 | E19: 98207.87
A20: 43160 | B20: Linear Regression | C20: 953356.25 | D20: 981881.15 | E20: 28524.895934066037
A21: 43160 | B21: Moving Average | C21: 953356.25 | D21: 825705.1066666666 | E21: 127651.14333333343
A22: 43160 | B22: Naive Forecast | C22: 953356.25 | D22: 826437.13 | E22: 126919.12
A23: 43191 | B23: Linear Regression | C23: 973534.09 | D23: 1031725.4775238095 | E23: 58191.387523809564
A24: 43191 | B24: Moving Average | C24: 973534.09 | D24: 901479.46 | E24: 72054.63
A25: 43191 | B25: Naive Forecast | C25: 973534.09 | D25: 953356.25 | E25: 20177.839999999967
A26: 43221 | B26: Linear Regression | C26: 977544.69 | D26: 1073915.5 | E26: 96370.78875000007
A27: 43221 | B27: Moving Average | C27: 977544.69 | D27: 917775.8233333332 | E27: 59768.867
A28: 43221 | B28: Naive Forecast | C28: 977544.69 | D28: 973534.09 | E28: 4010.5999999999767
A29: 43252 | B29: Linear Regression | C29: 856077.86 | D29: 1106694.2136029413 | E29: 250616.35360294126
A30: 43252 | B30: Moving Average | C30: 856077.86 | D30: 968145.0099999999 | E30: 112067.1499999999
A31: 43252 | B31: Naive Forecast | C31: 856077.86 | D31: 977544.69 | E31: 121466.82999999996
A32: 43282 | B32: Linear Regression | C32: 867953.46 | D32: 1104566.2818300654 | E32: 236612.82183006546
A33: 43282 | B33: Moving Average | C33: 867953.46 | D33: 935718.8799999999 | E33: 67765.41999999993
A34: 43282 | B34: Naive Forecast | C34: 867953.46 | D34: 856077.86 | E34: 11875.599999999977
A35: 43313 | B35: Linear Regression | C35: 838576.64 | D35: 1103920.8692982455 | E35: 265344.2292982455
A36: 43313 | B36: Moving Average | C36: 838576.64 | D36: 900525.3366666666 | E36: 61948.69666666654
A37: 43313 | B37: Naive Forecast | C37: 838576.64 | D37: 867953.46 | E37: 29376.81999999995

Sheet Raw_Data
A1: month | B1: total_orders | C1: total_sales | D1: avg_order_value
A2: 42736 | B2: 750 | C2: 111798.36 | D2: 149.06
A3: 42767 | B3: 1653 | C3: 234223.4 | D3: 141.7
A4: 42795 | B4: 2546 | C4: 359198.85 | D4: 141.08
A5: 42826 | B5: 2303 | C5: 340669.68 | D5: 147.92
A6: 42856 | B6: 3546 | C6: 489338.25 | D6: 138
A7: 42887 | B7: 3135 | C7: 421923.37 | D7: 134.58
A8: 42917 | B8: 3872 | C8: 481604.52 | D8: 124.38
A9: 42948 | B9: 4193 | C9: 554699.7 | D9: 132.29
A10: 42979 | B10: 4150 | C10: 607399.67 | D10: 146.36
A11: 43009 | B11: 4478 | C11: 648247.65 | D11: 144.76
A12: 43040 | B12: 7289 | C12: 987765.37 | D12: 135.51
A13: 43070 | B13: 5513 | C13: 726033.19 | D13: 131.69
... A21: 43313 | B21: 6351 | C21: 838576.64 | D21: 132.04

Sheet Financial_Analysis
A1: Month | B1: Orders | C1: Product Sales (R$) | D1: Average Order Value | E1: Sales Growth % | F1: Order Growth % | G1: Forecast Sales (R$) | H1: Variance (R$ | I1: Variance % | J1: Absolute Error (R$) | K1: Absolute Percentage Error
A2: =Raw_Data!A2 -> 42736 | B2: =Raw_Data!B2 -> 750 | C2: =Raw_Data!C2 -> 111798.36 | D2: =Raw_Data!D2 -> 149.06
A3: =Raw_Data!A3 -> 42767 | B3: =Raw_Data!B3 -> 1653 | C3: =Raw_Data!C3 -> 234223.4 | D3: =Raw_Data!D3 -> 141.7 | E3: =IFERROR(C3/C2-1,0) -> 1.0950522 | F3: =IFERROR(B3/B2-1,0) -> 1.204
A4: =Raw_Data!A4 -> 42795 | B4: =Raw_Data!B4 -> 2546 | C4: =Raw_Data!C4 -> 359198.85 | D4: =Raw_Data!D4 -> 141.08 | E4: =IFERROR(C4/C3-1,0) -> 0.53357372 | F4: =IFERROR(B4/B3-1,0) -> 0.54022989
A5: =Raw_Data!A5 -> 42826 | B5: =Raw_Data!B5 -> 2303 | C5: =Raw_Data!C5 -> 340669.68 | D5: =Raw_Data!D5 -> 147.92 | E5: =IFERROR(C5/C4-1,0) -> -0.051584714 | F5: =IFERROR(B5/B4-1,0) -> -0.095443833
A6: =Raw_Data!A6 -> 42856 | B6: =Raw_Data!B6 -> 3546 | C6: =Raw_Data!C6 -> 489338.25 | D6: =Raw_Data!D6 -> 138 | E6: =IFERROR(C6/C5-1,0) -> 0.43640094 | F6: =IFERROR(B6/B5-1,0) -> 0.53973079
A7: =Raw_Data!A7 -> 42887 | B7: =Raw_Data!B7 -> 3135 | C7: =Raw_Data!C7 -> 421923.37 | D7: =Raw_Data!D7 -> 134.58 | E7: =IFERROR(C7/C6-1,0) -> -0.13776744 | F7: =IFERROR(B7/B6-1,0) -> -0.11590525
A8: =Raw_Data!A8 -> 42917 | B8: =Raw_Data!B8 -> 3872 | C8: =Raw_Data!C8 -> 481604.52 | D8: =Raw_Data!D8 -> 124.38 | E8: =IFERROR(C8/C7-1,0) -> 0.14145021 | F8: =IFERROR(B8/B7-1,0) -> 0.23508772
A9: =Raw_Data!A9 -> 42948 | B9: =Raw_Data!B9 -> 4193 | C9: =Raw_Data!C9 -> 554699.7 | D9: =Raw_Data!D9 -> 132.29 | E9: =IFERROR(C9/C8-1,0) -> 0.15177428 | F9: =IFERROR(B9/B8-1,0) -> 0.082902893
A10: =Raw_Data!A10 -> 42979 | B10: =Raw_Data!B10 -> 4150 | C10: =Raw_Data!C10 -> 607399.67 | D10: =Raw_Data!D10 -> 146.36 | E10: =IFERROR(C10/C9-1,0) -> 0.095006307 | F10: =IFERROR(B10/B9-1,0) -> -0.010255187 | G10: =SUMIFS(Forecast_Data!$D:$D,Forecast_Data!$A:$A,A10,Forecast_Data!$B:$B,"Naive Forecast") -> 554699.7 | H10: =C10-G10 -> 52699.97 | I10: =IFERROR(H10/G10,0) -> 0.095006307 | J10: =ABS(C10-G10) -> 52699.97 | K10: =IFERROR(J10/C10,0) -> 0.086763251
A11: =Raw_Data!A11 -> 43009 | B11: =Raw_Data!B11 -> 4478 | C11: =Raw_Data!C11 -> 648247.65 | D11: =Raw_Data!D11 -> 144.76 | E11: =IFERROR(C11/C10-1,0) -> 0.06725058 | F11: =IFERROR(B11/B10-1,0) -> 0.079036145 | G11: =SUMIFS(Forecast_Data!$D:$D,Forecast_Data!$A:$A,A11,Forecast_Data!$B:$B,"Naive Forecast") -> 607399.67 | H11: =C11-G11 -> 40847.98 | I11: =IFERROR(H11/G11,0) -> 0.06725058 | J11: =ABS(C11-G11) -> 40847.98 | K11: =IFERROR(J11/C11,0) -> 0.063012924
A12: =Raw_Data!A12 -> 43040 | B12: =Raw_Data!B12 -> 7289 | C12: =Raw_Data!C12 -> 987765.37 | D12: =Raw_Data!D12 -> 135.51 | E12: =IFERROR(C12/C11-1,0) -> 0.52374694 | F12: =IFERROR(B12/B11-1,0) -> 0.6277356 | G12: =SUMIFS(Forecast_Data!$D:$D,Forecast_Data!$A:$A,A12,Forecast_Data!$B:$B,"Naive Forecast") -> 648247.65 | H12: =C12-G12 -> 339517.72 | I12: =IFERROR(H12/G12,0) -> 0.52374694 | J12: =ABS(C12-G12) -> 339517.72 | K12: =IFERROR(J12/C12,0) -> 0.34372304
A13: =Raw_Data!A13 -> 43070 | B13: =Raw_Data!B13 -> 5513 | C13: =Raw_Data!C13 -> 726033.19 | D13: =Raw_Data!D13 -> 131.69 | E13: =IFERROR(C13/C12-1,0) -> -0.26497404 | F13: =IFERROR(B13/B12-1,0) -> -0.24365482 | G13: =SUMIFS(Forecast_Data!$D:$D,Forecast_Data!$A:$A,A13,Forecast_Data!$B:$B,"Naive Forecast") -> 987765.37 | H13: =C13-G13 -> -261732.18 | I13: =IFERROR(H13/G13,0) -> -0.26497404 | J13: =ABS(C13-G13) -> 261732.18 | K13: =IFERROR(J13/C13,0) -> 0.36049616
A14: =Raw_Data!A14 -> 43101 | B14: =Raw_Data!B14 -> 7069 | C14: =Raw_Data!C14 -> 924645 | D14: =Raw_Data!D14 -> 130.8 | E14: =IFERROR(C14/C13-1,0) -> 0.27355748 | F14: =IFERROR(B14/B13-1,0) -> 0.28224197 | G14: =SUMIFS(Forecast_Data!$D:$D,Forecast_Data!$A:$A,A14,Forecast_Data!$B:$B,"Naive Forecast") -> 726033.19 | H14: =C14-G14 -> 198611.81 | I14: =IFERROR(H14/G14,0) -> 0.27355748 | J14: =ABS(C14-G14) -> 198611.81 | K14: =IFERROR(J14/C14,0) -> 0.21479791
A15: =Raw_Data!A15 -> 43132 | B15: =Raw_Data!B15 -> 6555 | C15: =Raw_Data!C15 -> 826437.13 | D15: =Raw_Data!D15 -> 126.08 | E15: =IFERROR(C15/C14-1,0) -> -0.10621143 | F15: =IFERROR(B15/B14-1,0) -> -0.07271184 | G15: =SUMIFS(Forecast_Data!$D:$D,Forecast_Data!$A:$A,A15,Forecast_Data!$B:$B,"Naive Forecast") -> 924645 | H15: =C15-G15 -> -98207.87 | I15: =IFERROR(H15/G15,0) -> -0.10621143 | J15: =ABS(C15-G15) -> 98207.87 | K15: =IFERROR(J15/C15,0) -> 0.11883284
A16: =Raw_Data!A16 -> 43160 | B16: =Raw_Data!B16 -> 7003 | C16: =Raw_Data!C16 -> 953356.25 | D16: =Raw_Data!D16 -> 136.14 | E16: =IFERROR(C16/C15-1,0) -> 0.15357384 | F16: =IFERROR(B16/B15-1,0) -> 0.068344775 | G16: =SUMIFS(Forecast_Data!$D:$D,Forecast_Data!$A:$A,A16,Forecast_Data!$B:$B,"Naive Forecast") -> 826437.13 | H16: =C16-G16 -> 126919.12 | I16: =IFERROR(H16/G16,0) -> 0.15357384 | J16: =ABS(C16-G16) -> 126919.12 | K16: =IFERROR(J16/C16,0) -> 0.13312874
A17: =Raw_Data!A17 -> 43191 | B17: =Raw_Data!B17 -> 6798 | C17: =Raw_Data!C17 -> 973534.09 | D17: =Raw_Data!D17 -> 143.21 | E17: =IFERROR(C17/C16-1,0) -> 0.021165058 | F17: =IFERROR(B17/B16-1,0) -> -0.029273169 | G17: =SUMIFS(Forecast_Data!$D:$D,Forecast_Data!$A:$A,A17,Forecast_Data!$B:$B,"Naive Forecast") -> 953356.25 | H17: =C17-G17 -> 20177.84 | I17: =IFERROR(H17/G17,0) -> 0.021165058 | J17: =ABS(C17-G17) -> 20177.84 | K17: =IFERROR(J17/C17,0) -> 0.020726383
A18: =Raw_Data!A18 -> 43221 | B18: =Raw_Data!B18 -> 6749 | C18: =Raw_Data!C18 -> 977544.69 | D18: =Raw_Data!D18 -> 144.84 | E18: =IFERROR(C18/C17-1,0) -> 0.0041196298 | F18: =IFERROR(B18/B17-1,0) -> -0.0072080024 | G18: =SUMIFS(Forecast_Data!$D:$D,Forecast_Data!$A:$A,A18,Forecast_Data!$B:$B,"Naive Forecast") -> 973534.09 | H18: =C18-G18 -> 4010.6 | I18: =IFERROR(H18/G18,0) -> 0.0041196298 | J18: =ABS(C18-G18) -> 4010.6 | K18: =IFERROR(J18/C18,0) -> 0.004102728
A19: =Raw_Data!A19 -> 43252 | B19: =Raw_Data!B19 -> 6099 | C19: =Raw_Data!C19 -> 856077.86 | D19: =Raw_Data!D19 -> 140.36 | E19: =IFERROR(C19/C18-1,0) -> -0.12425706 | F19: =IFERROR(B19/B18-1,0) -> -0.096310565 | G19: =SUMIFS(Forecast_Data!$D:$D,Forecast_Data!$A:$A,A19,Forecast_Data!$B:$B,"Naive Forecast") -> 977544.69 | H19: =C19-G19 -> -121466.83 | I19: =IFERROR(H19/G19,0) -> -0.12425706 | J19: =ABS(C19-G19) -> 121466.83 | K19: =IFERROR(J19/C19,0) -> 0.1418876
A20: =Raw_Data!A20 -> 43282 | B20: =Raw_Data!B20 -> 6159 | C20: =Raw_Data!C20 -> 867953.46 | D20: =Raw_Data!D20 -> 140.92 | E20: =IFERROR(C20/C19-1,0) -> 0.013872103 | F20: =IFERROR(B20/B19-1,0) -> 0.0098376783 | G20: =SUMIFS(Forecast_Data!$D:$D,Forecast_Data!$A:$A,A20,Forecast_Data!$B:$B,"Naive Forecast") -> 856077.86 | H20: =C20-G20 -> 11875.6 | I20: =IFERROR(H20/G20,0) -> 0.013872103 | J20: =ABS(C20-G20) -> 11875.6 | K20: =IFERROR(J20/C20,0) -> 0.0136823
A21: =Raw_Data!A21 -> 43313 | B21: =Raw_Data!B21 -> 6351 | C21: =Raw_Data!C21 -> 838576.64 | D21: =Raw_Data!D21 -> 132.04 | E21: =IFERROR(C21/C20-1,0) -> -0.033846077 | F21: =IFERROR(B21/B20-1,0) -> 0.031173892 | G21: =SUMIFS(Forecast_Data!$D:$D,Forecast_Data!$A:$A,A21,Forecast_Data!$B:$B,"Naive Forecast") -> 867953.46 | H21: =C21-G21 -> -29376.82 | I21: =IFERROR(H21/G21,0) -> -0.033846077 | J21: =ABS(C21-G21) -> 29376.82 | K21: =IFERROR(J21/C21,0) -> 0.035031765
J23: Average Forecast Error | K23: Average Percent Error
J24: =AVERAGE(J10:J21) -> 108787.03 | K24: =AVERAGE(K10:K21) -> 0.12801547

Sheet Executive_Dashboard
A1: Olist Financial Performance Dashboard | L1: Month | M1: Actual Sales | N1: Forecast Sales
L2: =(Financial_Analysis!A10) -> 42979 | M2: =Financial_Analysis!C10 -> 607399.67 | N2: =Financial_Analysis!G10 -> 554699.7
A3: Total Product Sales | B3: =SUM(Financial_Analysis!C2:C21) -> 13181027 | L3: =Financial_Analysis!A11 -> 43009 | M3: =Financial_Analysis!C11 -> 648247.65 | N3: =Financial_Analysis!G11 -> 607399.67
A4: Total Orders | B4: =SUM(Financial_Analysis!B2:B21) -> 96211 | L4: =Financial_Analysis!A12 -> 43040 | M4: =Financial_Analysis!C12 -> 987765.37 | N4: =Financial_Analysis!G12 -> 648247.65
A5: Average Order Value | B5: =B3/B4 -> 137.00125 | L5: =Financial_Analysis!A13 -> 43070 | M5: =Financial_Analysis!C13 -> 726033.19 | N5: =Financial_Analysis!G13 -> 987765.37
A6: Forecast MAE | B6: =Financial_Analysis!J24 -> 108787.03 | L6: =Financial_Analysis!A14 -> 43101 | M6: =Financial_Analysis!C14 -> 924645 | N6: =Financial_Analysis!G14 -> 726033.19
A7: Forecast MAPE | B7: =Financial_Analysis!K24 -> 0.12801547 | L7: =Financial_Analysis!A15 -> 43132 | M7: =Financial_Analysis!C15 -> 826437.13 | N7: =Financial_Analysis!G15 -> 924645
L8: =Financial_Analysis!A16 -> 43160 | M8: =Financial_Analysis!C16 -> 953356.25 | N8: =Financial_Analysis!G16 -> 826437.13
L9: =Financial_Analysis!A17 -> 43191 | M9: =Financial_Analysis!C17 -> 973534.09 | N9: =Financial_Analysis!G17 -> 953356.25
L10: =Financial_Analysis!A18 -> 43221 | M10: =Financial_Analysis!C18 -> 977544.69 | N10: =Financial_Analysis!G18 -> 973534.09
L11: =Financial_Analysis!A19 -> 43252 | M11: =Financial_Analysis!C19 -> 856077.86 | N11: =Financial_Analysis!G19 -> 977544.69
L12: =Financial_Analysis!A20 -> 43282 | M12: =Financial_Analysis!C20 -> 867953.46 | N12: =Financial_Analysis!G20 -> 856077.86
L13: =Financial_Analysis!A21 -> 43313 | M13: =Financial_Analysis!C21 -> 838576.64 | N13: =Financial_Analysis!G21 -> 867953.46
A30: Management Insight
A32: 1. Sales expanded significantly during 2017, with a notable November peak.
A34: 2. Naïve forecasting model achieved a 12.8% average percentage error.
A36: 3. Monthly sales fluctuations suggest forecasting uncertainty that management should monitor
